{"cameraMode":{"drawMode":0,"name":"Shaded","section":"Shading Mode"},"sceneLighting":false,"audioPlay":false,"sceneViewState":{"showFog":true,"showMaterialUpdate":true,"showSkybox":false,"showFlares":true,"showImageEffects":true,"showParticleSystems":true,"showVisualEffectGraphs":true,"m_FxEnabled":true},"in2DMode":false,"pivot":{"x":-26.34134864807129,"y":14.121471405029297,"z":-45.345298767089847},"rotation":{"x":0.15414707362651826,"y":-0.028150536119937898,"z":0.004436382558196783,"w":0.9877492189407349},"size":22.635639190673829,"orthographic":false}