{"cameraMode":{"drawMode":0,"name":"Shaded","section":"Shading Mode"},"sceneLighting":true,"audioPlay":false,"sceneViewState":{"showFog":true,"showMaterialUpdate":true,"showSkybox":true,"showFlares":true,"showImageEffects":true,"showParticleSystems":true,"showVisualEffectGraphs":true,"m_FxEnabled":true},"in2DMode":false,"pivot":{"x":-0.442709356546402,"y":-2.9803600311279299,"z":14.143815994262696},"rotation":{"x":-0.17932163178920747,"y":0.01566530391573906,"z":-0.002818490145727992,"w":-0.9837117195129395},"size":10.206181526184082,"orthographic":false}