{"cameraMode":{"drawMode":0,"name":"Shaded","section":"Shading Mode"},"sceneLighting":true,"audioPlay":false,"sceneViewState":{"showFog":true,"showMaterialUpdate":true,"showSkybox":true,"showFlares":true,"showImageEffects":true,"showParticleSystems":true,"showVisualEffectGraphs":true,"m_FxEnabled":true},"in2DMode":false,"pivot":{"x":0.5442489981651306,"y":-46.18844223022461,"z":143.20005798339845},"rotation":{"x":0.15717294812202454,"y":0.0014693285338580609,"z":-0.00038388403481803834,"w":0.9876792430877686},"size":78.690673828125,"orthographic":false}