{"cameraMode":{"drawMode":0,"name":"Shaded","section":"Shading Mode"},"sceneLighting":true,"audioPlay":false,"sceneViewState":{"showFog":true,"showMaterialUpdate":true,"showSkybox":true,"showFlares":true,"showImageEffects":true,"showParticleSystems":true,"showVisualEffectGraphs":true,"m_FxEnabled":true},"in2DMode":false,"pivot":{"x":-2.5567569732666017,"y":-12.603012084960938,"z":27.762588500976564},"rotation":{"x":0.3029889464378357,"y":0.00858547817915678,"z":-0.0027091875672340395,"w":0.9530469179153442},"size":38.70853042602539,"orthographic":false}