{"cameraMode":{"drawMode":0,"name":"Shaded","section":"Shading Mode"},"sceneLighting":true,"audioPlay":false,"sceneViewState":{"showFog":true,"showMaterialUpdate":true,"showSkybox":true,"showFlares":true,"showImageEffects":true,"showParticleSystems":true,"showVisualEffectGraphs":true,"m_FxEnabled":true},"in2DMode":false,"pivot":{"x":-3.326941728591919,"y":-24.231401443481447,"z":147.47947692871095},"rotation":{"x":-0.08870135247707367,"y":0.009864120744168759,"z":-0.0008823841926641762,"w":-0.9961420893669128},"size":75.20466613769531,"orthographic":false}