{"cameraMode":{"drawMode":0,"name":"Shaded","section":"Shading Mode"},"sceneLighting":true,"audioPlay":false,"sceneViewState":{"showFog":true,"showMaterialUpdate":true,"showSkybox":true,"showFlares":true,"showImageEffects":true,"showParticleSystems":true,"showVisualEffectGraphs":true,"m_FxEnabled":true},"in2DMode":false,"pivot":{"x":-0.6667671203613281,"y":2.118335485458374,"z":-1.8471698760986329},"rotation":{"x":-0.09256546199321747,"y":-0.2095918506383896,"z":0.019906792789697648,"w":-0.9733342528343201},"size":3.0155153274536135,"orthographic":false}