{"cameraMode":{"drawMode":0,"name":"Shaded","section":"Shading Mode"},"sceneLighting":false,"audioPlay":false,"sceneViewState":{"showFog":true,"showMaterialUpdate":false,"showSkybox":false,"showFlares":true,"showImageEffects":true,"showParticleSystems":true,"showVisualEffectGraphs":true,"m_FxEnabled":true},"in2DMode":false,"pivot":{"x":-0.8056247234344482,"y":0.7640058398246765,"z":-5.282070636749268},"rotation":{"x":0.18521888554096223,"y":0.014722966589033604,"z":-0.0028127345722168686,"w":0.9826157093048096},"size":0.9167963862419128,"orthographic":false}