{"cameraMode":{"drawMode":0,"name":"Shaded","section":"Shading Mode"},"sceneLighting":false,"audioPlay":false,"sceneViewState":{"showFog":true,"showMaterialUpdate":true,"showSkybox":false,"showFlares":true,"showImageEffects":true,"showParticleSystems":true,"showVisualEffectGraphs":true,"m_FxEnabled":true},"in2DMode":false,"pivot":{"x":-14.674888610839844,"y":13.887818336486817,"z":25.509471893310548},"rotation":{"x":0.0043440330773591999,"y":0.9929937124252319,"z":-0.039065513759851459,"w":0.11248552799224854},"size":8.297584533691407,"orthographic":false}