{"cameraMode":{"drawMode":0,"name":"Shaded","section":"Shading Mode"},"sceneLighting":false,"audioPlay":false,"sceneViewState":{"showFog":true,"showMaterialUpdate":true,"showSkybox":false,"showFlares":true,"showImageEffects":true,"showParticleSystems":true,"showVisualEffectGraphs":true,"m_FxEnabled":true},"in2DMode":false,"pivot":{"x":-20.51753807067871,"y":16.116411209106447,"z":-29.59390640258789},"rotation":{"x":0.058767933398485187,"y":-0.022458013147115709,"z":0.0013572340831160546,"w":0.9981246590614319},"size":7.954387664794922,"orthographic":false}