{"cameraMode":{"drawMode":0,"name":"Shaded","section":"Shading Mode"},"sceneLighting":false,"audioPlay":false,"sceneViewState":{"showFog":true,"showMaterialUpdate":true,"showSkybox":false,"showFlares":true,"showImageEffects":true,"showParticleSystems":true,"showVisualEffectGraphs":true,"m_FxEnabled":true},"in2DMode":false,"pivot":{"x":-22.364622116088868,"y":11.559617042541504,"z":13.73854923248291},"rotation":{"x":0.0004824581556022167,"y":0.9993187189102173,"z":-0.03630465269088745,"w":0.016789687797427179},"size":5.883871555328369,"orthographic":false}